accuracy,balanced_accuracy,macro_f1,cohen_kappa,roc_auc_ovr,log_loss,brier_score,precision_class_0,recall_class_0,f1_class_0,precision_class_1,recall_class_1,f1_class_1,precision_class_2,recall_class_2,f1_class_2,confusion_matrix,model,seed,task_mode,missing_indicators,n_features,n_train_subjects,n_val_subjects,n_test_subjects,n_train_visits,n_val_visits,n_test_visits,train_macro_f1,val_macro_f1,group,modalities
0.41040462427745666,0.4122917375042503,0.3970288914015409,0.11898847934895218,0.5905248596138916,1.0685808935658696,0.651032251024615,0.3888888888888889,0.4,0.39436619718309857,0.6173913043478261,0.41040462427745666,0.4930555555555556,0.23577235772357724,0.4264705882352941,0.3036649214659686,"[[42, 30, 33], [41, 71, 61], [25, 14, 29]]",logistic_regression,42,baseline_only,True,6,1211,173,346,1211,173,346,0.4043849913070931,0.36422041018038054,demographic_only,demographic
0.9104046242774566,0.9111882903450397,0.9106207466845518,0.8554564320944398,0.9874395585453124,0.21007768459631918,0.12333951566967752,0.9056603773584906,0.9142857142857143,0.909952606635071,0.9127906976744186,0.9075144508670521,0.9101449275362319,0.9117647058823529,0.9117647058823529,0.9117647058823529,"[[96, 9, 0], [10, 157, 6], [0, 6, 62]]",logistic_regression,42,baseline_only,True,10,1211,173,346,1211,173,346,0.9117908535726419,0.8634072077468304,cognitive_only,cognitive
0.43352601156069365,0.4918192710610256,0.4376312885600811,0.17006070099862935,0.6465670606759898,1.0292008040786056,0.6440591037009047,0.45112781954887216,0.5714285714285714,0.5042016806722689,0.5164835164835165,0.27167630057803466,0.3560606060606061,0.3524590163934426,0.6323529411764706,0.45263157894736844,"[[60, 29, 16], [63, 47, 63], [10, 15, 43]]",logistic_regression,42,baseline_only,True,50,1211,173,346,1211,173,346,0.49507850470685283,0.4502075800187491,mri_structural_only,mri_structural
0.4653179190751445,0.5412290927931867,0.4707278912802227,0.22777174568705516,0.6865628691292714,0.9439907223082386,0.6001185575509859,0.5192307692307693,0.5142857142857142,0.5167464114832536,0.5777777777777777,0.30057803468208094,0.39543726235741444,0.3618421052631579,0.8088235294117647,0.5,"[[54, 25, 26], [50, 52, 71], [0, 13, 55]]",logistic_regression,42,baseline_only,True,2,1211,173,346,1211,173,346,0.44500063934311057,0.3887520683771985,pet_only,pet
0.33815028901734107,0.4439775910364146,0.29532251302629214,0.1157117028637753,0.5831467287907511,1.062258300126609,0.6530903215415664,0.42134831460674155,0.7142857142857143,0.5300353356890459,0.0,0.0,0.0,0.25,0.6176470588235294,0.3559322033898305,"[[75, 0, 30], [77, 0, 96], [26, 0, 42]]",logistic_regression,42,baseline_only,True,1,1211,173,346,1211,173,346,0.3016567263088138,0.3362619483424853,genetic_only,genetic
0.930635838150289,0.9288987656719719,0.929313526529517,0.8878428936101244,0.9865402715683419,0.20182482677419622,0.116072612814874,0.9509803921568627,0.9238095238095239,0.9371980676328503,0.9257142857142857,0.9364161849710982,0.9310344827586207,0.9130434782608695,0.9264705882352942,0.9197080291970803,"[[97, 8, 0], [5, 162, 6], [0, 5, 63]]",logistic_regression,42,baseline_only,True,16,1211,173,346,1211,173,346,0.9204953054757263,0.8596564278807269,demographic_cognitive,demographic|cognitive
0.8930635838150289,0.8936772396819999,0.8905487013032524,0.8279671038486347,0.97690420537749,0.26029867377032073,0.15771391400489648,0.9056603773584906,0.9142857142857143,0.909952606635071,0.9,0.884393063583815,0.892128279883382,0.8571428571428571,0.8823529411764706,0.8695652173913043,"[[96, 9, 0], [10, 153, 10], [0, 8, 60]]",logistic_regression,42,baseline_only,True,66,1211,173,346,1211,173,346,0.9389208209862315,0.8515934675757095,clinical_mri,demographic|cognitive|mri_structural
0.8959537572254336,0.8968518428566031,0.8931321330397363,0.832769453842436,0.976921101492343,0.25863174302130076,0.15633449901439186,0.9065420560747663,0.9238095238095239,0.9150943396226415,0.9053254437869822,0.884393063583815,0.8947368421052632,0.8571428571428571,0.8823529411764706,0.8695652173913043,"[[97, 8, 0], [10, 153, 10], [0, 8, 60]]",logistic_regression,42,baseline_only,True,67,1211,173,346,1211,173,346,0.9389269865986044,0.8515934675757095,clinical_mri_genetic,demographic|cognitive|mri_structural|genetic
0.8930635838150289,0.894925060583,0.8899664311045492,0.8283661129657188,0.9757624476169519,0.2644566049561027,0.15995967578540782,0.9065420560747663,0.9238095238095239,0.9150943396226415,0.9047619047619048,0.8786127167630058,0.8914956011730205,0.8450704225352113,0.8823529411764706,0.8633093525179856,"[[97, 8, 0], [10, 152, 11], [0, 8, 60]]",logistic_regression,42,baseline_only,True,69,1211,173,346,1211,173,346,0.9403852667100359,0.8479883431475574,all_primary_modalities,demographic|cognitive|mri_structural|pet|genetic
0.5317919075144508,0.5710558982745314,0.5336073519099741,0.2922012324477221,0.7250272374640455,0.9284381093937901,0.5914642853589184,0.5338345864661654,0.6761904761904762,0.5966386554621849,0.6086956521739131,0.4046242774566474,0.4861111111111111,0.4387755102040816,0.6323529411764706,0.5180722891566265,"[[71, 27, 7], [55, 70, 48], [7, 18, 43]]",logistic_regression,42,baseline_only,True,59,1211,173,346,1211,173,346,0.5962498835777909,0.5350545573148312,all_without_cognitive,demographic|mri_structural|pet|genetic
0.9161849710982659,0.9120666763815352,0.9131517426608801,0.8643522461505184,0.9856220000412046,0.2051394170086202,0.11887836891979986,0.9504950495049505,0.9142857142857143,0.9320388349514563,0.9090909090909091,0.9248554913294798,0.9169054441260746,0.8840579710144928,0.8970588235294118,0.8905109489051095,"[[96, 9, 0], [5, 160, 8], [0, 7, 61]]",logistic_regression,42,baseline_only,True,19,1211,173,346,1211,173,346,0.9218839078589159,0.8596564278807269,all_without_mri_structural,demographic|cognitive|pet|genetic
0.8959537572254336,0.8968518428566031,0.8931321330397363,0.832769453842436,0.976921101492343,0.25863174302130076,0.15633449901439186,0.9065420560747663,0.9238095238095239,0.9150943396226415,0.9053254437869822,0.884393063583815,0.8947368421052632,0.8571428571428571,0.8823529411764706,0.8695652173913043,"[[97, 8, 0], [10, 153, 10], [0, 8, 60]]",logistic_regression,42,baseline_only,True,67,1211,173,346,1211,173,346,0.9389269865986044,0.8515934675757095,all_without_pet,demographic|cognitive|mri_structural|genetic
0.8930635838150289,0.894925060583,0.8899664311045492,0.8283661129657188,0.9757108305829855,0.2655178629677864,0.1607223076039532,0.9065420560747663,0.9238095238095239,0.9150943396226415,0.9047619047619048,0.8786127167630058,0.8914956011730205,0.8450704225352113,0.8823529411764706,0.8633093525179856,"[[97, 8, 0], [10, 152, 11], [0, 8, 60]]",logistic_regression,42,baseline_only,True,68,1211,173,346,1211,173,346,0.9403852667100359,0.8590553405655922,all_without_genetic,demographic|cognitive|mri_structural|pet
0.42485549132947975,0.4678991056923733,0.4246222821434686,0.15811997163328684,0.6166592041292613,1.0639577587262767,0.6447464224729739,0.4198473282442748,0.5238095238095238,0.4661016949152542,0.5824175824175825,0.3063583815028902,0.4015151515151515,0.31451612903225806,0.5735294117647058,0.40625,"[[55, 26, 24], [59, 53, 61], [17, 12, 39]]",logistic_regression,43,baseline_only,True,6,1211,173,346,1211,173,346,0.3996978017319166,0.3806469863207452,demographic_only,demographic
0.8815028901734104,0.8850110371701666,0.8792573668195559,0.8104717497895764,0.9819374296354564,0.24185521859588707,0.1471252573337214,0.8547008547008547,0.9523809523809523,0.9009009009009009,0.9074074074074074,0.8497109826589595,0.8776119402985074,0.8656716417910447,0.8529411764705882,0.8592592592592593,"[[100, 5, 0], [17, 147, 9], [0, 10, 58]]",logistic_regression,43,baseline_only,True,10,1211,173,346,1211,173,346,0.9104806761352293,0.9199239643684088,cognitive_only,cognitive
0.43352601156069365,0.48980316596773593,0.4442631041222689,0.15335830212234713,0.6535890897052562,1.009728330417474,0.6303100746742044,0.417910447761194,0.5333333333333333,0.4686192468619247,0.4716981132075472,0.28901734104046245,0.35842293906810035,0.41509433962264153,0.6470588235294118,0.5057471264367817,"[[56, 38, 11], [72, 50, 51], [6, 18, 44]]",logistic_regression,43,baseline_only,True,50,1211,173,346,1211,173,346,0.4821053506148221,0.47434550389633134,mri_structural_only,mri_structural
0.407514450867052,0.4975113744919933,0.4089881869542886,0.16283077213606223,0.6837099013657651,0.9524280885038033,0.6095003579203356,0.4351145038167939,0.5428571428571428,0.4830508474576271,0.5079365079365079,0.18497109826589594,0.2711864406779661,0.34210526315789475,0.7647058823529411,0.4727272727272727,"[[57, 19, 29], [70, 32, 71], [4, 12, 52]]",logistic_regression,43,baseline_only,True,2,1211,173,346,1211,173,346,0.4447097779446587,0.45910274361986164,pet_only,pet
0.36416184971098264,0.4742763772175536,0.3159593368050783,0.1438051853101625,0.6313452503866234,1.0437097360495307,0.6352759860425052,0.42783505154639173,0.7904761904761904,0.5551839464882943,0.0,0.0,0.0,0.2847682119205298,0.6323529411764706,0.3926940639269406,"[[83, 1, 21], [86, 0, 87], [25, 0, 43]]",logistic_regression,43,baseline_only,True,1,1211,173,346,1211,173,346,0.3056435948812682,0.2834955393349554,genetic_only,genetic
0.8901734104046243,0.8937665625016865,0.8864694727778094,0.8244405276932116,0.9816665249723556,0.2433735182927305,0.14697735431436254,0.8849557522123894,0.9523809523809523,0.9174311926605505,0.9141104294478528,0.861271676300578,0.8869047619047619,0.8428571428571429,0.8676470588235294,0.855072463768116,"[[100, 5, 0], [13, 149, 11], [0, 9, 59]]",logistic_regression,43,baseline_only,True,16,1211,173,346,1211,173,346,0.9204273619221496,0.9199239643684088,demographic_cognitive,demographic|cognitive
0.8901734104046243,0.8903118472822654,0.8841375944317121,0.8242668876473576,0.9702909184567458,0.29744246761944854,0.16922380785988414,0.8869565217391304,0.9714285714285714,0.9272727272727272,0.9141104294478528,0.861271676300578,0.8869047619047619,0.8382352941176471,0.8382352941176471,0.8382352941176471,"[[102, 3, 0], [13, 149, 11], [0, 11, 57]]",logistic_regression,43,baseline_only,True,66,1211,173,346,1211,173,346,0.9381951405043586,0.9274813413801493,clinical_mri,demographic|cognitive|mri_structural
0.884393063583815,0.8834831042243486,0.8778863112196446,0.8149262513205227,0.9698941897873956,0.30403915155833827,0.1721077787488304,0.8793103448275862,0.9714285714285714,0.9230769230769231,0.9079754601226994,0.8554913294797688,0.8809523809523809,0.835820895522388,0.8235294117647058,0.8296296296296296,"[[102, 3, 0], [14, 148, 11], [0, 12, 56]]",logistic_regression,43,baseline_only,True,67,1211,173,346,1211,173,346,0.9366515535519803,0.9134795006977331,clinical_mri_genetic,demographic|cognitive|mri_structural|genetic
0.884393063583815,0.8864582827350594,0.878477744118725,0.8154445200090678,0.9687937182977585,0.311061554986823,0.1758508486391973,0.8793103448275862,0.9714285714285714,0.9230769230769231,0.9130434782608695,0.8497109826589595,0.8802395209580839,0.8260869565217391,0.8382352941176471,0.8321167883211679,"[[102, 3, 0], [14, 147, 12], [0, 11, 57]]",logistic_regression,43,baseline_only,True,69,1211,173,346,1211,173,346,0.9385902337567638,0.9184458968772694,all_primary_modalities,demographic|cognitive|mri_structural|pet|genetic
0.5433526011560693,0.5983414560429181,0.5520066651594697,0.31385395486607925,0.7391361221811511,0.9292801336104901,0.5886723432707048,0.5109489051094891,0.6666666666666666,0.5785123966942148,0.6238532110091743,0.3930635838150289,0.48226950354609927,0.5,0.7352941176470589,0.5952380952380952,"[[70, 29, 6], [61, 68, 44], [6, 12, 50]]",logistic_regression,43,baseline_only,True,59,1211,173,346,1211,173,346,0.5750440136256726,0.549534302589732,all_without_cognitive,demographic|mri_structural|pet|genetic
0.9017341040462428,0.9069445119088098,0.8990643082168063,0.8431278420077076,0.9794798332378635,0.2539735386854783,0.15113419228495464,0.8793103448275862,0.9714285714285714,0.9230769230769231,0.9316770186335404,0.8670520231213873,0.8982035928143712,0.8695652173913043,0.8823529411764706,0.8759124087591241,"[[102, 3, 0], [14, 150, 9], [0, 8, 60]]",logistic_regression,43,baseline_only,True,19,1211,173,346,1211,173,346,0.9221558410085494,0.8947958079555661,all_without_mri_structural,demographic|cognitive|pet|genetic
0.884393063583815,0.8834831042243486,0.8778863112196446,0.8149262513205227,0.9698941897873956,0.30403915155833827,0.1721077787488304,0.8793103448275862,0.9714285714285714,0.9230769230769231,0.9079754601226994,0.8554913294797688,0.8809523809523809,0.835820895522388,0.8235294117647058,0.8296296296296296,"[[102, 3, 0], [14, 148, 11], [0, 12, 56]]",logistic_regression,43,baseline_only,True,67,1211,173,346,1211,173,346,0.9366515535519803,0.9134795006977331,all_without_pet,demographic|cognitive|mri_structural|genetic
0.884393063583815,0.8847309251253487,0.8766281553219485,0.8154445200090678,0.9699731886748905,0.30444405201430175,0.17202737763296405,0.8879310344827587,0.9809523809523809,0.9321266968325792,0.9130434782608695,0.8497109826589595,0.8802395209580839,0.8115942028985508,0.8235294117647058,0.8175182481751825,"[[103, 2, 0], [13, 147, 13], [0, 12, 56]]",logistic_regression,43,baseline_only,True,68,1211,173,346,1211,173,346,0.9376918392857646,0.9274813413801493,all_without_genetic,demographic|cognitive|mri_structural|pet
0.315028901734104,0.33383202992179534,0.31067886753143936,-0.01049907578558229,0.5519960744686997,1.1106000333404205,0.6808393546783974,0.31343283582089554,0.4,0.3514644351464435,0.4479166666666667,0.24855491329479767,0.31970260223048325,0.20689655172413793,0.35294117647058826,0.2608695652173913,"[[42, 37, 26], [64, 43, 66], [28, 16, 24]]",logistic_regression,44,baseline_only,True,6,1211,173,346,1211,173,346,0.4263305681690463,0.391461437113611,demographic_only,demographic
0.9104046242774566,0.9233777518714614,0.9087029586006293,0.8578471651602301,0.9846381599966781,0.22864677961348856,0.13306939296001719,0.9017857142857143,0.9619047619047619,0.9308755760368663,0.9493670886075949,0.8670520231213873,0.9063444108761329,0.8421052631578947,0.9411764705882353,0.8888888888888888,"[[101, 4, 0], [11, 150, 12], [0, 4, 64]]",logistic_regression,44,baseline_only,True,10,1211,173,346,1211,173,346,0.9071767219060933,0.8987834009503398,cognitive_only,cognitive
0.43352601156069365,0.4736794525131825,0.4375761547509544,0.15007958291035328,0.6301788462677219,1.0621584290597803,0.6549028339707337,0.4198473282442748,0.5238095238095238,0.4661016949152542,0.509090909090909,0.3236994219653179,0.3957597173144876,0.37142857142857144,0.5735294117647058,0.4508670520231214,"[[55, 37, 13], [64, 56, 53], [12, 17, 39]]",logistic_regression,44,baseline_only,True,50,1211,173,346,1211,173,346,0.49718103736683306,0.49367788766539017,mri_structural_only,mri_structural
0.4046242774566474,0.4937592763502318,0.4067623427750345,0.15738452990341523,0.6789113224433144,0.9677177075308017,0.6116046552794299,0.4107142857142857,0.4380952380952381,0.423963133640553,0.5352112676056338,0.21965317919075145,0.3114754098360656,0.34355828220858897,0.8235294117647058,0.48484848484848486,"[[46, 24, 35], [63, 38, 72], [3, 9, 56]]",logistic_regression,44,baseline_only,True,2,1211,173,346,1211,173,346,0.44698122021547504,0.4380511463844798,pet_only,pet
0.3468208092485549,0.4487988644398029,0.30292792792792794,0.1194739094205346,0.6030367538476255,1.0807062421613787,0.6510841506744819,0.41361256544502617,0.7523809523809524,0.5337837837837838,0.3333333333333333,0.005780346820809248,0.011363636363636364,0.2631578947368421,0.5882352941176471,0.36363636363636365,"[[79, 0, 26], [86, 1, 86], [26, 2, 40]]",logistic_regression,44,baseline_only,True,1,1211,173,346,1211,173,346,0.30640174298155737,0.30464298702873077,genetic_only,genetic
0.9248554913294798,0.9325321265307664,0.9204713682084522,0.880393017164586,0.9836572140247631,0.22630150740012772,0.1270172610835634,0.9363636363636364,0.9809523809523809,0.958139534883721,0.9565217391304348,0.8901734104046243,0.9221556886227545,0.84,0.9264705882352942,0.8811188811188811,"[[103, 2, 0], [7, 154, 12], [0, 5, 63]]",logistic_regression,44,baseline_only,True,16,1211,173,346,1211,173,346,0.9152422459805222,0.9163319946452476,demographic_cognitive,demographic|cognitive
0.9046242774566474,0.9088712941824127,0.9008548680066019,0.8476787620064035,0.9798059602282515,0.25332704317771143,0.14820894473054264,0.8947368421052632,0.9714285714285714,0.9315068493150684,0.9320987654320988,0.8728323699421965,0.9014925373134328,0.8571428571428571,0.8823529411764706,0.8695652173913043,"[[102, 3, 0], [12, 151, 10], [0, 8, 60]]",logistic_regression,44,baseline_only,True,66,1211,173,346,1211,173,346,0.9352259466418885,0.8959583109913248,clinical_mri,demographic|cognitive|mri_structural
0.8988439306358381,0.9003151935147855,0.8928671176301637,0.8383673905209348,0.9795484632270198,0.25293622863545334,0.14772820054446154,0.8956521739130435,0.9809523809523809,0.9363636363636364,0.9259259259259259,0.8670520231213873,0.8955223880597015,0.8405797101449275,0.8529411764705882,0.8467153284671532,"[[103, 2, 0], [12, 150, 11], [0, 10, 58]]",logistic_regression,44,baseline_only,True,67,1211,173,346,1211,173,346,0.9352259466418885,0.8959583109913248,clinical_mri_genetic,demographic|cognitive|mri_structural|genetic
0.8930635838150289,0.8981889865772898,0.8883608264903229,0.8296088270134295,0.9765043005348897,0.2698428118995346,0.1559946956857518,0.8869565217391304,0.9714285714285714,0.9272727272727272,0.925,0.8554913294797688,0.8888888888888888,0.8309859154929577,0.8676470588235294,0.8489208633093526,"[[102, 3, 0], [13, 148, 12], [0, 9, 59]]",logistic_regression,44,baseline_only,True,69,1211,173,346,1211,173,346,0.9362156621832844,0.8908356682148968,all_primary_modalities,demographic|cognitive|mri_structural|pet|genetic
0.49421965317919075,0.5377525191194011,0.4989416373514917,0.2384893036358834,0.7071645392245886,1.0015006141436544,0.6059076482334913,0.47692307692307695,0.5904761904761905,0.5276595744680851,0.5752212389380531,0.37572254335260113,0.45454545454545453,0.42718446601941745,0.6470588235294118,0.5146198830409356,"[[62, 35, 8], [57, 65, 51], [11, 13, 44]]",logistic_regression,44,baseline_only,True,59,1211,173,346,1211,173,346,0.5833944573634987,0.5279098260462076,all_without_cognitive,demographic|mri_structural|pet|genetic
0.9161849710982659,0.9208014226885358,0.9113900543366119,0.866273955806701,0.9816848375065134,0.23854204486678146,0.13378372058242835,0.9196428571428571,0.9809523809523809,0.9493087557603687,0.9444444444444444,0.884393063583815,0.9134328358208955,0.8472222222222222,0.8970588235294118,0.8714285714285714,"[[103, 2, 0], [9, 153, 11], [0, 7, 61]]",logistic_regression,44,baseline_only,True,19,1211,173,346,1211,173,346,0.9204518268887661,0.9092927555283694,all_without_mri_structural,demographic|cognitive|pet|genetic
0.8988439306358381,0.9003151935147855,0.8928671176301637,0.8383673905209348,0.9795484632270198,0.25293622863545334,0.14772820054446154,0.8956521739130435,0.9809523809523809,0.9363636363636364,0.9259259259259259,0.8670520231213873,0.8955223880597015,0.8405797101449275,0.8529411764705882,0.8467153284671532,"[[103, 2, 0], [12, 150, 11], [0, 10, 58]]",logistic_regression,44,baseline_only,True,67,1211,173,346,1211,173,346,0.9352259466418885,0.8959583109913248,all_without_pet,demographic|cognitive|mri_structural|genetic
0.8930635838150289,0.8969411656762899,0.8883595355674929,0.8292998386602131,0.9766193822238943,0.2689999915038538,0.155834216751113,0.8938053097345132,0.9619047619047619,0.926605504587156,0.9197530864197531,0.861271676300578,0.8895522388059701,0.8309859154929577,0.8676470588235294,0.8489208633093526,"[[101, 4, 0], [12, 149, 12], [0, 9, 59]]",logistic_regression,44,baseline_only,True,68,1211,173,346,1211,173,346,0.9388513366366259,0.8908356682148968,all_without_genetic,demographic|cognitive|mri_structural|pet
0.42485549132947975,0.43910639400268775,0.41699944925927807,0.13411888982507325,0.5927597121876432,1.0746772490366017,0.6501664010694163,0.4015748031496063,0.4857142857142857,0.4396551724137931,0.5701754385964912,0.37572254335260113,0.4529616724738676,0.29523809523809524,0.45588235294117646,0.3583815028901734,"[[51, 25, 29], [63, 65, 45], [13, 24, 31]]",logistic_regression,45,baseline_only,True,6,1211,173,346,1211,173,346,0.4292282821906584,0.3262388316971727,demographic_only,demographic
0.9017341040462428,0.9099196904195205,0.8975083691790031,0.8437964733375823,0.9838645562182982,0.24113516957013745,0.14546093464533388,0.9026548672566371,0.9714285714285714,0.9357798165137615,0.9371069182389937,0.861271676300578,0.8975903614457831,0.8243243243243243,0.8970588235294118,0.8591549295774648,"[[102, 3, 0], [11, 149, 13], [0, 7, 61]]",logistic_regression,45,baseline_only,True,10,1211,173,346,1211,173,346,0.9168618966331032,0.8859059719422556,cognitive_only,cognitive
0.430635838150289,0.47079359682215854,0.4334468710345288,0.14884743138283263,0.6245805229112759,1.0627506640307902,0.6546347442412649,0.4125874125874126,0.5619047619047619,0.47580645161290325,0.5145631067961165,0.3063583815028902,0.38405797101449274,0.37,0.5441176470588235,0.44047619047619047,"[[59, 29, 17], [74, 53, 46], [10, 21, 37]]",logistic_regression,45,baseline_only,True,50,1211,173,346,1211,173,346,0.5190569520016587,0.45482791824255236,mri_structural_only,mri_structural
0.41329479768786126,0.5020352649730412,0.4164133629269928,0.16612648549821318,0.6754445124913723,0.9866730042411832,0.6215728621082385,0.41379310344827586,0.45714285714285713,0.4343891402714932,0.5342465753424658,0.2254335260115607,0.3170731707317073,0.35668789808917195,0.8235294117647058,0.49777777777777776,"[[48, 27, 30], [63, 39, 71], [5, 7, 56]]",logistic_regression,45,baseline_only,True,2,1211,173,346,1211,173,346,0.44183419416376296,0.4213571860630683,pet_only,pet
0.3265895953757225,0.42782446311858074,0.2849235104669887,0.09734414188462914,0.5899122904082348,1.0749404539458411,0.6611784019834003,0.3989071038251366,0.6952380952380952,0.5069444444444444,0.0,0.0,0.0,0.24691358024691357,0.5882352941176471,0.34782608695652173,"[[73, 0, 32], [83, 0, 90], [27, 1, 40]]",logistic_regression,45,baseline_only,True,1,1211,173,346,1211,173,346,0.30839990782491394,0.32782904322486645,genetic_only,genetic
0.8959537572254336,0.9060661258723143,0.8924455825864276,0.8349061605344078,0.9828707907531137,0.24805374474135142,0.1517987289438013,0.8869565217391304,0.9714285714285714,0.9272727272727272,0.9363057324840764,0.8497109826589595,0.8909090909090909,0.8243243243243243,0.8970588235294118,0.8591549295774648,"[[102, 3, 0], [13, 147, 13], [0, 7, 61]]",logistic_regression,45,baseline_only,True,16,1211,173,346,1211,173,346,0.9200726938504745,0.8744776899865195,demographic_cognitive,demographic|cognitive
0.8757225433526011,0.8841326511336712,0.8714395196888217,0.8026266914300876,0.9738184654890475,0.2977443844533976,0.17812462921135996,0.8771929824561403,0.9523809523809523,0.91324200913242,0.9113924050632911,0.8323699421965318,0.8700906344410876,0.7972972972972973,0.8676470588235294,0.8309859154929577,"[[100, 5, 0], [14, 144, 15], [0, 9, 59]]",logistic_regression,45,baseline_only,True,66,1211,173,346,1211,173,346,0.9422027171236382,0.8784765587407453,clinical_mri,demographic|cognitive|mri_structural
0.8757225433526011,0.8828848302326712,0.8720023947429764,0.8021726700971984,0.9721512546736966,0.30655291617132363,0.18034846674119553,0.8761061946902655,0.9428571428571428,0.908256880733945,0.90625,0.838150289017341,0.8708708708708709,0.8082191780821918,0.8676470588235294,0.8368794326241135,"[[99, 6, 0], [14, 145, 14], [0, 9, 59]]",logistic_regression,45,baseline_only,True,67,1211,173,346,1211,173,346,0.9431196844046287,0.8848487031189208,clinical_mri_genetic,demographic|cognitive|mri_structural|genetic
0.8728323699421965,0.8809580479590681,0.8683623670020871,0.7979535229399196,0.9719436863763496,0.3100897153189052,0.1812625303811867,0.8839285714285714,0.9428571428571428,0.9124423963133641,0.9056603773584906,0.8323699421965318,0.8674698795180723,0.7866666666666666,0.8676470588235294,0.8251748251748252,"[[99, 6, 0], [13, 144, 16], [0, 9, 59]]",logistic_regression,45,baseline_only,True,69,1211,173,346,1211,173,346,0.9437734352874539,0.8683700601534815,all_primary_modalities,demographic|cognitive|mri_structural|pet|genetic
0.523121387283237,0.5657550881624326,0.5277676702352913,0.2793213577893634,0.7164889900703613,0.9878464899759686,0.606292202582947,0.5,0.6571428571428571,0.5679012345679012,0.6017699115044248,0.3930635838150289,0.4755244755244755,0.4631578947368421,0.6470588235294118,0.5398773006134969,"[[69, 29, 7], [61, 68, 44], [8, 16, 44]]",logistic_regression,45,baseline_only,True,59,1211,173,346,1211,173,346,0.5959046792772805,0.5021565699531801,all_without_cognitive,demographic|mri_structural|pet|genetic
0.8959537572254336,0.9060661258723143,0.8918542644570042,0.8349870835265285,0.981614799934,0.2559779811499091,0.15617719624121776,0.8947368421052632,0.9714285714285714,0.9315068493150684,0.9363057324840764,0.8497109826589595,0.8909090909090909,0.8133333333333334,0.8970588235294118,0.8531468531468531,"[[102, 3, 0], [12, 147, 14], [0, 7, 61]]",logistic_regression,45,baseline_only,True,19,1211,173,346,1211,173,346,0.9197425227280025,0.8755973294905631,all_without_mri_structural,demographic|cognitive|pet|genetic
0.8757225433526011,0.8828848302326712,0.8720023947429764,0.8021726700971984,0.9721512546736966,0.30655291617132363,0.18034846674119553,0.8761061946902655,0.9428571428571428,0.908256880733945,0.90625,0.838150289017341,0.8708708708708709,0.8082191780821918,0.8676470588235294,0.8368794326241135,"[[99, 6, 0], [14, 145, 14], [0, 9, 59]]",logistic_regression,45,baseline_only,True,67,1211,173,346,1211,173,346,0.9431196844046287,0.8848487031189208,all_without_pet,demographic|cognitive|mri_structural|genetic
0.8757225433526011,0.8828848302326712,0.8720023947429764,0.8021726700971984,0.9733802053243453,0.3008127730249379,0.17908657596080385,0.8761061946902655,0.9428571428571428,0.908256880733945,0.90625,0.838150289017341,0.8708708708708709,0.8082191780821918,0.8676470588235294,0.8368794326241135,"[[99, 6, 0], [14, 145, 14], [0, 9, 59]]",logistic_regression,45,baseline_only,True,68,1211,173,346,1211,173,346,0.9443002792166711,0.8683700601534815,all_without_genetic,demographic|cognitive|mri_structural|pet
0.3872832369942196,0.3984140477000048,0.3781678060270886,0.08831937159760372,0.5865482745503265,1.0795497969035053,0.6578315674077165,0.36923076923076925,0.45714285714285713,0.4085106382978723,0.5673076923076923,0.34104046242774566,0.4259927797833935,0.24107142857142858,0.39705882352941174,0.3,"[[48, 26, 31], [60, 59, 54], [22, 19, 27]]",logistic_regression,46,baseline_only,True,6,1211,173,346,1211,173,346,0.42810505678040195,0.36733292422781333,demographic_only,demographic
0.8959537572254336,0.911536946185025,0.8917136314396589,0.8361138887426978,0.9838314105773606,0.2618329142332692,0.15934413471956446,0.8888888888888888,0.9904761904761905,0.9369369369369369,0.9536423841059603,0.8323699421965318,0.8888888888888888,0.7948717948717948,0.9117647058823529,0.8493150684931506,"[[104, 1, 0], [13, 144, 16], [0, 6, 62]]",logistic_regression,46,baseline_only,True,10,1211,173,346,1211,173,346,0.9051601545189477,0.8997308059535633,cognitive_only,cognitive
0.4682080924855491,0.513213300734552,0.4711339385252429,0.207449457225376,0.6674295617400864,1.0221926963862502,0.6321492490871841,0.488,0.580952380952381,0.5304347826086957,0.5514018691588785,0.34104046242774566,0.42142857142857143,0.3684210526315789,0.6176470588235294,0.46153846153846156,"[[61, 34, 10], [52, 59, 62], [12, 14, 42]]",logistic_regression,46,baseline_only,True,50,1211,173,346,1211,173,346,0.49529083596761453,0.40233227733227733,mri_structural_only,mri_structural
0.45664739884393063,0.5285393155335352,0.4606424817245239,0.22134571876608533,0.6862230359348925,0.9611802865412977,0.6055563247436837,0.5178571428571429,0.5523809523809524,0.5345622119815668,0.6049382716049383,0.2832369942196532,0.3858267716535433,0.3333333333333333,0.75,0.46153846153846156,"[[58, 19, 28], [50, 49, 74], [4, 13, 51]]",logistic_regression,46,baseline_only,True,2,1211,173,346,1211,173,346,0.445851206541996,0.3858649520414226,pet_only,pet
0.3439306358381503,0.45550887021475256,0.3013684946558785,0.12307262881706016,0.6020444778863613,1.0577948626583884,0.6494775288189458,0.4134078212290503,0.7047619047619048,0.5211267605633803,0.0,0.0,0.0,0.2694610778443114,0.6617647058823529,0.3829787234042553,"[[74, 0, 31], [82, 0, 91], [23, 0, 45]]",logistic_regression,46,baseline_only,True,1,1211,173,346,1211,173,346,0.3066069152923155,0.28957451099011894,genetic_only,genetic
0.9017341040462428,0.9200930468526524,0.8982538001620061,0.8454443933521645,0.9831522713089013,0.2602801999188293,0.15566701196723853,0.9035087719298246,0.9809523809523809,0.9406392694063926,0.9602649006622517,0.838150289017341,0.8950617283950617,0.7901234567901234,0.9411764705882353,0.8590604026845637,"[[103, 2, 0], [11, 145, 17], [0, 4, 64]]",logistic_regression,46,baseline_only,True,16,1211,173,346,1211,173,346,0.9186801445321787,0.9050168914033643,demographic_cognitive,demographic|cognitive
0.8728323699421965,0.8918996885844898,0.8679204204204205,0.8007955616036847,0.9702437555473633,0.34689554251715127,0.19435675857381468,0.8803418803418803,0.9809523809523809,0.9279279279279279,0.9387755102040817,0.7976878612716763,0.8625,0.7439024390243902,0.8970588235294118,0.8133333333333334,"[[103, 2, 0], [14, 138, 21], [0, 7, 61]]",logistic_regression,46,baseline_only,True,66,1211,173,346,1211,173,346,0.9361055325701266,0.8924068271701396,clinical_mri,demographic|cognitive|mri_structural
0.8757225433526011,0.8968016493688035,0.8718790815218834,0.8054959995816556,0.9702188470918313,0.3421202526487501,0.18931242655964306,0.8728813559322034,0.9809523809523809,0.9237668161434978,0.9452054794520548,0.7976878612716763,0.8652037617554859,0.7560975609756098,0.9117647058823529,0.8266666666666667,"[[103, 2, 0], [15, 138, 20], [0, 6, 62]]",logistic_regression,46,baseline_only,True,67,1211,173,346,1211,173,346,0.93972484793901,0.8919753086419754,clinical_mri_genetic,demographic|cognitive|mri_structural|genetic
0.8815028901734104,0.9006552139160094,0.8774722787769266,0.8141223024410698,0.970826974291405,0.3406857430856834,0.18819492845757793,0.8803418803418803,0.9809523809523809,0.9279279279279279,0.9459459459459459,0.8092485549132948,0.8722741433021807,0.7654320987654321,0.9117647058823529,0.8322147651006712,"[[103, 2, 0], [14, 140, 19], [0, 6, 62]]",logistic_regression,46,baseline_only,True,69,1211,173,346,1211,173,346,0.9413658196356751,0.8946259985475672,all_primary_modalities,demographic|cognitive|mri_structural|pet|genetic
0.5578034682080925,0.6065367572848022,0.5591968113410238,0.33940626676815955,0.7448695294423922,0.9270716807713675,0.5773771481566021,0.5714285714285714,0.7238095238095238,0.6386554621848739,0.660377358490566,0.4046242774566474,0.5017921146953405,0.4392523364485981,0.6911764705882353,0.5371428571428571,"[[76, 23, 6], [49, 70, 54], [8, 13, 47]]",logistic_regression,46,baseline_only,True,59,1211,173,346,1211,173,346,0.6042958028281735,0.4405267934679699,all_without_cognitive,demographic|mri_structural|pet|genetic
0.8930635838150289,0.9053871644997112,0.8877019535559185,0.8311081794195251,0.9829321554290619,0.25689411433259746,0.1525600224720625,0.9035087719298246,0.9809523809523809,0.9406392694063926,0.9415584415584416,0.838150289017341,0.8868501529051988,0.782051282051282,0.8970588235294118,0.8356164383561644,"[[103, 2, 0], [11, 145, 17], [0, 7, 61]]",logistic_regression,46,baseline_only,True,19,1211,173,346,1211,173,346,0.9161192959281866,0.9046193290831032,all_without_mri_structural,demographic|cognitive|pet|genetic
0.8757225433526011,0.8968016493688035,0.8718790815218834,0.8054959995816556,0.9702188470918313,0.3421202526487501,0.18931242655964306,0.8728813559322034,0.9809523809523809,0.9237668161434978,0.9452054794520548,0.7976878612716763,0.8652037617554859,0.7560975609756098,0.9117647058823529,0.8266666666666667,"[[103, 2, 0], [15, 138, 20], [0, 6, 62]]",logistic_regression,46,baseline_only,True,67,1211,173,346,1211,173,346,0.93972484793901,0.8919753086419754,all_without_pet,demographic|cognitive|mri_structural|genetic
0.869942196531792,0.8899729063108865,0.8649363723581582,0.796547713938507,0.9706753016912688,0.34370023753828677,0.1927176249407515,0.8803418803418803,0.9809523809523809,0.9279279279279279,0.9383561643835616,0.791907514450867,0.8589341692789969,0.7349397590361446,0.8970588235294118,0.8079470198675497,"[[103, 2, 0], [14, 137, 22], [0, 7, 61]]",logistic_regression,46,baseline_only,True,68,1211,173,346,1211,173,346,0.9383005206289264,0.8859821112093934,all_without_genetic,demographic|cognitive|mri_structural|pet
